Ticket #,Symbol,Volume,Open,Close,B/S,Sold,Bought,Gross P/L,Rollover,Net P/L,Created By
21486534,GBP/JPY,3000,12/14/15 5:59 PM,1/19/16 8:15 AM,S,182.747,168.759,248.66,-1.51,247.15,7510123597
21486595,GBP/NZD,2000,12/14/15 6:01 PM,1/4/16 3:56 AM,S,2.233,2.17882,49.73,1.8,51.53,7510123597
21533152,AUD/JPY,4000,12/17/15 5:41 PM,1/8/16 1:15 AM,S,87.203,83.61,83.12,-4.1,79.02,7510123597
21533187,CAD/JPY,4000,12/17/15 5:45 PM,1/19/16 7:03 AM,S,87.91,81.552,151.03,-1.26,149.77,7510123597
21545894,EUR/NZD,2000,12/18/15 5:33 PM,1/6/16 4:47 PM,S,1.6066,1.62096,-13.04,1.39,-11.65,7510123597
21545907,JPN225,10,12/18/15 5:35 PM,1/13/16 6:00 AM,S,18797.0,17738.0,61.92,-5.98,55.94,7510123597
21545941,EUSTX50,4,12/18/15 5:40 PM,1/12/16 1:05 PM,S,3245.0,3098.0,44.14,-1.55,42.59,7510123597
21561519,CAD/JPY,4000,12/21/15 5:45 PM,1/4/16 5:58 PM,S,86.608,85.535,24.46,-0.44,24.02,7510123597
21561533,GBP/NZD,2000,12/21/15 5:48 PM,1/4/16 3:56 AM,S,2.19846,2.17882,18.03,1.23,19.26,7510123597
21636102,AUD/JPY,4000,1/4/16 5:37 PM,1/4/16 5:55 PM,S,85.565,85.716,-3.44,0.0,-3.44,7510123597
21636163,EUSTX50,4,1/4/16 5:44 PM,1/4/16 5:56 PM,S,3171.0,3176.0,-1.47,0.0,-1.47,7510123597
21636213,JPN225,10,1/4/16 5:48 PM,1/4/16 5:57 PM,S,18181.0,18211.0,-1.71,0.0,-1.71,7510123597
21654167,USOil,1,1/5/16 7:07 PM,1/19/16 8:46 PM,S,36.0,28.44,53.32,0.0,53.32,7510123597
21853658,USOil,1,1/5/16 7:07 PM,1/19/16 10:23 PM,S,36.0,28.31,54.32,0.0,54.32,7510123597
21654188,XAU/USD,2,1/5/16 7:09 PM,1/8/16 9:22 AM,B,1095.82,1078.81,23.27,-0.06,23.21,7510123597
21654214,NZD/JPY,3000,1/5/16 7:12 PM,1/19/16 7:07 AM,S,79.662,76.313,59.59,-2.15,57.44,7510123597
21654252,UK100,2,1/5/16 7:15 PM,1/8/16 8:24 AM,S,6139.0,5993.0,29.2,-0.19,29.01,7510123597
21669040,USOil,1,1/6/16 4:53 PM,1/19/16 8:46 PM,S,34.33,28.45,41.47,0.0,41.47,7510123597
21853657,USOil,1,1/6/16 4:53 PM,1/19/16 10:23 PM,S,34.33,28.31,42.52,0.0,42.52,7510123597
21669943,AUD/CAD,5000,1/6/16 6:28 PM,1/8/16 1:15 AM,S,0.99451,0.99635,-4.47,-0.67,-5.14,7510123597
21669956,EUR/TRY,2000,1/6/16 6:30 PM,1/13/16 9:26 AM,B,3.25591,3.23861,7.94,-5.23,2.71,7510123597
21669970,NZD/USD,4000,1/6/16 6:32 PM,1/19/16 10:41 AM,S,0.66294,0.65066,34.32,-2.11,32.21,7510123597
21669990,EUR/USD,3000,1/6/16 6:34 PM,1/7/16 9:28 AM,S,1.07607,1.0859,-20.2,0.12,-20.08,7510123597
21670034,XAU/USD,2,1/6/16 6:38 PM,1/8/16 9:22 AM,B,1095.82,1093.13,3.68,-0.05,3.63,7510123597
21691427,NZD/JPY,3000,1/7/16 5:12 PM,1/19/16 7:07 AM,S,78.368,76.313,36.57,-1.37,35.2,7510123597
21693710,GBP/AUD,2000,1/7/16 7:39 PM,1/12/16 12:35 PM,B,2.06286,2.08751,-23.9,-0.42,-24.32,7510123597
21693754,EUR/NZD,2000,1/7/16 7:42 PM,1/18/16 8:28 AM,B,1.67991,1.64517,31.44,-1.7,29.74,7510123597
21693784,NZD/CHF,3000,1/7/16 7:44 PM,1/18/16 8:29 AM,S,0.66003,0.65203,16.66,-1.88,14.78,7510123597
21693825,AUD/CAD,4000,1/7/16 7:47 PM,1/8/16 1:15 AM,S,0.98589,0.99635,-20.33,-0.13,-20.46,7510123597
21710912,AUD/CAD,5000,1/8/16 5:13 PM,1/12/16 3:38 PM,S,0.98662,0.99731,-26.05,-0.34,-26.39,7510123597
21711880,NZD/CAD,5000,1/8/16 6:30 PM,1/13/16 2:00 AM,S,0.92591,0.93645,-25.6,-0.61,-26.21,7510123597
21731519,EUR/TRY,2000,1/11/16 4:38 PM,1/13/16 9:26 AM,B,3.25591,3.3099,-24.77,-1.64,-26.41,7510123597
21731721,NZD/USD,4000,1/11/16 4:48 PM,1/19/16 10:41 AM,S,0.65451,0.65067,10.73,-1.3,9.43,7510123597
21732594,XPT/USD,1,1/11/16 5:44 PM,1/22/16 2:28 PM,S,844.1,837.0,4.96,0.0,4.96,7510123597
21732605,GBP/CAD,3000,1/11/16 5:46 PM,1/12/16 10:57 AM,B,2.05259,2.07234,-28.87,-0.02,-28.89,7510123597
21732617,GBP/NZD,2000,1/11/16 5:47 PM,1/13/16 2:00 AM,B,2.19757,2.22353,-23.63,-0.36,-23.99,7510123597
21752628,USD/CHF,2000,1/12/16 7:34 PM,1/22/16 4:54 PM,B,1.01499,1.00145,18.64,0.38,19.02,7510123597
21920563,USD/CHF,2000,1/12/16 7:34 PM,2/3/16 1:24 PM,B,1.01412,1.00145,17.19,0.68,17.87,7510123597
21752660,USD/SEK,1000,1/12/16 7:36 PM,1/22/16 5:00 PM,B,8.57703,8.53807,3.17,0.11,3.28,7510123597
21920569,USD/SEK,2000,1/12/16 7:36 PM,1/28/16 6:43 PM,B,8.50193,8.53807,-5.91,0.34,-5.57,7510123597
21752690,XAG/USD,100,1/12/16 7:38 PM,1/13/16 2:55 PM,S,13.802,14.149,-24.05,0.0,-24.05,7510123597
21790613,EUR/NZD,2000,1/14/16 5:10 PM,1/18/16 8:28 AM,B,1.67991,1.67943,0.43,-0.19,0.24,7510123597
21790808,NZD/CHF,3000,1/14/16 5:22 PM,1/18/16 8:29 AM,S,0.65019,0.65203,-3.83,-0.21,-4.04,7510123597
21792220,GBP/CAD,2000,1/14/16 6:49 PM,1/19/16 3:17 PM,B,2.05105,2.07064,-19.1,-0.01,-19.11,7510123597
21792255,GBP/NZD,2000,1/14/16 6:50 PM,1/19/16 10:40 AM,B,2.20131,2.22619,-22.6,-0.36,-22.96,7510123597
21792277,XAU/USD,2,1/14/16 6:52 PM,1/15/16 1:08 PM,S,1073.13,1088.76,-21.8,0.0,-21.8,7510123597
21792310,NGAS,1,1/14/16 6:54 PM,1/22/16 4:52 PM,S,2.133,2.153,-1.4,0.0,-1.4,7510123597
21920557,NGAS,1,1/14/16 6:54 PM,1/26/16 10:13 PM,S,2.133,2.184,-3.55,0.0,-3.55,7510123597
21792355,USD/NOK,2000,1/14/16 6:57 PM,1/18/16 12:58 AM,S,8.76705,8.87604,-17.22,0.0,-17.22,7510123597
21831295,XPT/USD,1,1/18/16 5:09 PM,1/22/16 2:28 PM,S,819.3,837.0,-12.35,0.0,-12.35,7510123597
21852405,GBP/NZD,2000,1/19/16 7:37 PM,1/19/16 9:04 PM,S,2.18801,2.18682,1.09,0.0,1.09,7510123597
21853027,AUD/CAD,3000,1/19/16 8:15 PM,1/22/16 4:48 PM,B,0.9922,1.00643,-21.08,0.24,-20.84,7510123597
21853077,NZD/CAD,3000,1/19/16 8:20 PM,1/21/16 4:02 PM,B,0.92414,0.94429,-29.85,0.25,-29.6,7510123597
21853813,GBP/NZD,1000,1/19/16 9:04 PM,1/27/16 8:06 PM,S,2.18601,2.21733,-14.13,0.3,-13.83,7510123597
21875819,XAU/USD,1,1/20/16 5:34 PM,2/5/16 4:57 PM,B,1154.97,1108.11,32.39,-0.15,32.24,7510123597
21900878,USD/CHF,2000,1/21/16 4:59 PM,2/3/16 1:24 PM,B,1.01412,1.0111,4.1,0.34,4.44,7510123597
21902417,EUR/USD,2000,1/21/16 6:02 PM,1/28/16 4:33 PM,S,1.08394,1.09555,-16.15,0.2,-15.95,7510123597
21902444,GBP/AUD,1000,1/21/16 6:04 PM,2/1/16 5:39 PM,S,2.03384,2.03257,0.62,0.27,0.89,7510123597
21921104,EUR/CAD,1000,1/22/16 6:07 PM,2/1/16 5:46 PM,S,1.52783,1.52653,0.65,0.09,0.74,7510123597
21921116,NZD/CAD,2000,1/22/16 6:08 PM,2/1/16 5:46 PM,S,0.91539,0.91092,4.44,-0.55,3.89,7510123597
21960387,XAU/USD,1,1/26/16 6:54 PM,2/5/16 4:57 PM,B,1154.86,1121.31,23.19,-0.1,23.09,7510123597
21961703,XPT/USD,1,1/26/16 9:25 PM,1/26/16 9:26 PM,B,875.3,879.0,-2.58,0.0,-2.58,7510123597
21961708,EUR/NZD,1000,1/26/16 9:27 PM,2/1/16 5:46 PM,B,1.67586,1.67028,2.52,-0.53,1.99,7510123597
21961712,USD/NOK,1000,1/26/16 9:28 PM,2/1/16 5:46 PM,S,8.68221,8.71657,-2.74,0.01,-2.73,7510123597
21961726,AUD/CAD,2000,1/26/16 9:31 PM,1/28/16 2:39 PM,S,0.98768,0.9988,-11.05,-0.25,-11.3,7510123597
21977350,USD/CAD,2000,1/27/16 5:40 PM,2/1/16 5:46 PM,S,1.40563,1.40109,4.51,0.01,4.52,7510123597
21977406,CAD/JPY,1000,1/27/16 5:43 PM,2/3/16 12:38 AM,B,84.98,84.637,1.99,0.01,2.0,7510123597
22017104,USD/CHF,1000,1/29/16 5:06 PM,1/29/16 5:06 PM,B,1.02324,1.02353,-0.2,0.0,-0.2,7510123597
22017112,USD/CHF,2000,1/29/16 5:07 PM,1/29/16 6:41 PM,B,1.02303,1.02318,-0.21,0.0,-0.21,7510123597
22017204,GBP/AUD,1000,1/29/16 5:15 PM,2/1/16 5:29 PM,S,2.00444,2.03267,-13.89,0.03,-13.86,7510123597
22018564,USD/CHF,2000,1/29/16 8:01 PM,1/29/16 8:15 PM,B,1.02372,1.02455,-1.14,0.0,-1.14,7510123597
22018596,CAD/JPY,1000,1/29/16 8:10 PM,2/3/16 12:38 AM,B,84.98,86.341,-7.9,0.0,-7.9,7510123597
22037844,GBP/JPY,2000,2/1/16 6:42 PM,2/3/16 3:28 PM,B,171.715,174.362,-30.83,0.04,-30.79,7510123597
22037886,GBP/CHF,2000,2/1/16 6:45 PM,2/4/16 4:43 PM,B,1.44921,1.46844,-26.54,0.21,-26.33,7510123597
22037938,USD/ZAR,2000,2/1/16 6:49 PM,2/2/16 11:59 PM,S,15.93048,16.3129,-32.54,0.3,-32.24,7510123597
22037959,USD/CAD,3000,2/1/16 6:51 PM,2/5/16 5:54 PM,S,1.39863,1.38933,13.89,-0.01,13.88,7510123597
22056607,USOil,2,2/2/16 6:29 PM,2/3/16 8:54 PM,S,30.25,32.56,-31.65,0.0,-31.65,7510123597
22056638,EUR/JPY,4000,2/2/16 6:31 PM,2/4/16 10:03 AM,S,131.087,131.45,-8.42,0.07,-8.35,7510123597
22056764,NAS100,3,2/2/16 6:39 PM,2/10/16 3:33 PM,S,4209.0,4042.4,34.54,-0.87,33.67,7510123597
22056850,EUR/GBP,3000,2/2/16 6:42 PM,2/4/16 12:00 PM,S,0.7568,0.76741,-31.83,0.13,-31.7,7510123597
22078722,CHF/JPY,4000,2/3/16 5:34 PM,2/5/16 1:29 PM,S,116.951,118.073,-26.39,0.11,-26.28,7510123597
22078775,NZD/CHF,3000,2/3/16 5:37 PM,2/5/16 3:50 PM,B,0.65893,0.66997,-22.98,0.38,-22.6,7510123597
22078892,USD/NOK,3000,2/3/16 5:45 PM,2/5/16 2:05 PM,S,8.59933,8.60007,-0.18,0.03,-0.15,7510123597
22078961,Copper,9,2/3/16 5:51 PM,2/5/16 2:17 PM,B,2.0908,2.0973,-4.04,0.0,-4.04,7510123597
22079082,US30,1,2/3/16 5:57 PM,2/4/16 5:51 PM,S,16137.5,16396.0,-17.73,-0.25,-17.98,7510123597
22101387,USD/CAD,3000,2/4/16 4:52 PM,2/5/16 5:54 PM,S,1.37109,1.38933,-27.23,0.0,-27.23,7510123597
22101432,USD/NOK,3000,2/4/16 4:55 PM,2/5/16 2:05 PM,S,8.48398,8.60007,-28.01,0.01,-28.0,7510123597
22102106,GBP/JPY,2000,2/4/16 5:34 PM,2/11/16 5:02 PM,S,170.269,161.646,106.69,-0.56,106.13,7510123597
22102124,USD/ZAR,1000,2/4/16 5:35 PM,2/8/16 5:15 PM,S,15.83144,16.12836,-12.77,0.16,-12.61,7510123597
22102145,XPD/USD,2,2/4/16 5:37 PM,2/5/16 5:58 PM,B,496.2,515.2,-26.27,0.0,-26.27,7510123597
22102236,GBP/NZD,2000,2/4/16 5:43 PM,2/8/16 5:12 PM,S,2.16319,2.17244,-8.52,0.07,-8.45,7510123597
22102329,GBP/CHF,2000,2/4/16 5:46 PM,2/10/16 5:30 PM,S,1.45106,1.4149,51.11,-0.4,50.71,7510123597
22119613,NAS100,3,2/5/16 4:53 PM,2/10/16 3:33 PM,S,4055.0,4042.4,2.61,-0.08,2.53,7510123597
22120663,EUR/JPY,4000,2/5/16 6:43 PM,2/9/16 4:24 PM,S,130.261,130.196,1.56,-0.03,1.53,7510123597
22120691,AUD/JPY,2000,2/5/16 6:47 PM,2/15/16 2:53 AM,S,82.69,81.288,16.98,-0.71,16.27,7510123597
22120704,NZD/JPY,3000,2/5/16 6:48 PM,2/11/16 5:16 PM,S,77.459,74.811,49.12,-0.98,48.14,7510123597
22120713,CAD/JPY,3000,2/5/16 6:49 PM,2/11/16 5:07 PM,S,84.158,80.32,71.25,-0.43,70.82,7510123597
22142976,GBP/CHF,2000,2/8/16 5:04 PM,2/11/16 5:11 PM,S,1.42479,1.40351,30.32,-0.58,29.74,7510123597
22143077,GBP/JPY,2000,2/8/16 5:10 PM,2/11/16 5:02 PM,S,166.758,161.651,63.19,-0.46,62.73,7510123597
22143732,USOil,1,2/8/16 5:59 PM,2/11/16 5:22 PM,S,30.02,26.89,21.64,0.0,21.64,7510123597
22143766,CHF/JPY,4000,2/8/16 6:00 PM,2/9/16 2:35 PM,S,116.789,117.863,-26.02,0.03,-25.99,7510123597
22143789,TRY/JPY,5000,2/8/16 6:02 PM,2/15/16 6:01 AM,S,39.201,38.93,8.18,-3.55,4.63,7510123597
22143817,ZAR/JPY,20000,2/8/16 6:04 PM,2/10/16 5:26 PM,S,7.148,7.186,-4.61,-2.76,-7.37,7510123597
22143831,EUR/TRY,2000,2/8/16 6:05 PM,2/10/16 3:18 PM,B,3.2758,3.29294,-8.1,-1.52,-9.62,7510123597
22143877,EUR/NZD,2000,2/8/16 6:05 PM,2/15/16 2:46 PM,B,1.67286,1.68483,-11.03,-1.29,-12.32,7510123597
22143885,EUR/CAD,2000,2/8/16 6:06 PM,2/12/16 4:19 PM,B,1.55677,1.55414,2.63,-0.37,2.26,7510123597
22143934,EUR/AUD,2000,2/8/16 6:10 PM,2/10/16 3:27 PM,B,1.57283,1.57463,-1.77,-0.27,-2.04,7510123597
22143961,CAD/CHF,3000,2/8/16 6:12 PM,2/15/16 3:04 AM,S,0.71041,0.70936,2.22,-0.55,1.67,7510123597
22143974,AUD/CHF,2000,2/8/16 6:13 PM,2/15/16 2:50 AM,S,0.70121,0.69886,3.31,-0.76,2.55,7510123597
22144111,EUR/JPY,4000,2/8/16 6:20 PM,2/9/16 4:24 PM,S,129.013,130.196,-28.36,-0.03,-28.39,7510123597
22171738,AUD/CHF,2000,2/9/16 6:50 PM,2/9/16 8:49 PM,S,0.68553,0.6858,-0.38,0.0,-0.38,7510123597
22172939,UKOil,1,2/9/16 8:08 PM,2/10/16 5:22 PM,S,30.82,31.42,-4.14,0.0,-4.14,7510123597
22172966,XPD/USD,2,2/9/16 8:10 PM,2/15/16 4:23 AM,B,513.8,517.4,-4.96,0.0,-4.96,7510123597
22172985,NZD/CHF,3000,2/9/16 8:11 PM,2/10/16 5:13 PM,S,0.64548,0.65043,-10.51,-0.19,-10.7,7510123597
22173256,AUD/CHF,1000,2/9/16 8:29 PM,2/9/16 8:31 PM,S,0.68602,0.68672,-0.5,0.0,-0.5,7510123597
22173532,AUD/CHF,1000,2/9/16 8:49 PM,2/9/16 9:03 PM,S,0.68565,0.68639,-0.53,0.0,-0.53,7510123597
22173694,AUD/CHF,2000,2/9/16 9:03 PM,2/10/16 5:00 PM,S,0.6862,0.69335,-10.1,-0.11,-10.21,7510123597
22206156,AUD/JPY,2000,2/10/16 5:02 PM,2/12/16 5:30 PM,S,80.583,80.345,2.91,-0.09,2.82,7510123597
22206244,CAD/JPY,3000,2/10/16 5:05 PM,2/11/16 5:07 PM,S,81.436,80.324,20.64,0.0,20.64,7510123597
22206465,NZD/JPY,3000,2/10/16 5:15 PM,2/11/16 5:16 PM,S,75.744,74.816,17.21,0.0,17.21,7510123597
22207463,USOil,1,2/10/16 6:31 PM,2/10/16 6:52 PM,S,27.58,27.67,-0.62,0.0,-0.62,7510123597
22207719,USOil,1,2/10/16 6:53 PM,2/10/16 8:14 PM,S,27.57,27.73,-1.1,0.0,-1.1,7510123597
22208310,GBP/USD,2000,2/10/16 7:39 PM,2/11/16 5:13 PM,B,1.44597,1.4514,-7.51,-0.02,-7.53,7510123597
22208328,XAU/USD,2,2/10/16 7:40 PM,2/11/16 12:39 AM,S,1192.18,1209.08,-23.24,0.0,-23.24,7510123597
22208353,UKOil,1,2/10/16 7:41 PM,2/10/16 7:41 PM,S,31.08,31.125,-0.31,0.0,-0.31,7510123597
22208412,UKOil,1,2/10/16 7:41 PM,2/12/16 4:12 PM,S,31.08,32.61,-10.59,0.0,-10.59,7510123597
22208396,Copper,7,2/10/16 7:44 PM,2/12/16 4:55 PM,S,2.0178,2.0338,-7.74,0.0,-7.74,7510123597
22208422,NGAS,3,2/10/16 7:45 PM,2/23/16 6:19 PM,S,2.0415,1.793,53.16,0.0,53.16,7510123597
22208434,NZD/CAD,4000,2/10/16 7:45 PM,2/10/16 7:46 PM,S,0.9302,0.93053,-0.65,0.0,-0.65,7510123597
22208436,NZD/CAD,4000,2/10/16 7:46 PM,2/12/16 3:35 PM,B,0.92029,0.9305,-20.29,0.34,-19.95,7510123597
22208504,USD/ZAR,2000,2/10/16 7:50 PM,2/11/16 5:20 PM,S,15.83669,15.84822,-1.01,0.58,-0.43,7510123597
22208506,USD/TRY,3000,2/10/16 7:50 PM,2/11/16 5:20 PM,S,2.91994,2.92857,-6.11,0.9,-5.21,7510123597
22208569,CAD/CHF,1000,2/10/16 7:55 PM,2/10/16 8:13 PM,S,0.69943,0.7001,-0.47,0.0,-0.47,7510123597
22231815,GBP/JPY,1000,2/11/16 5:02 PM,2/12/16 5:02 PM,S,161.636,163.413,-10.87,-0.02,-10.89,7510123597
22231881,CAD/CHF,3000,2/11/16 5:06 PM,2/12/16 4:48 PM,S,0.69653,0.70627,-20.69,-0.08,-20.77,7510123597
22231905,CAD/JPY,2000,2/11/16 5:08 PM,2/12/16 4:53 PM,S,80.335,81.738,-17.17,-0.03,-17.2,7510123597
22231925,EUR/CAD,2000,2/11/16 5:09 PM,2/12/16 4:19 PM,B,1.55677,1.58308,-26.28,-0.05,-26.33,7510123597
22231968,GBP/CHF,2000,2/11/16 5:12 PM,2/12/16 4:59 PM,S,1.40318,1.41226,-12.86,-0.1,-12.96,7510123597
22232019,NZD/JPY,2000,2/11/16 5:17 PM,2/12/16 5:06 PM,S,74.795,74.924,-1.58,-0.11,-1.69,7510123597
22232040,TRY/JPY,5000,2/11/16 5:18 PM,2/12/16 5:07 PM,S,38.138,38.547,-12.5,-0.51,-13.01,7510123597
22233335,CHF/JPY,1000,2/11/16 6:42 PM,2/11/16 6:45 PM,S,115.207,115.261,-0.33,0.0,-0.33,7510123597
22233404,EUR/TRY,2000,2/11/16 6:47 PM,2/12/16 4:57 PM,B,3.29323,3.32617,-15.55,-0.74,-16.29,7510123597
22233424,GBP/NZD,2000,2/11/16 6:50 PM,2/12/16 5:03 PM,S,2.16126,2.18336,-20.24,0.07,-20.17,7510123597
22268646,GBP/USD,1000,2/15/16 6:07 PM,2/15/16 6:07 PM,S,1.4436,1.44389,-0.2,0.0,-0.2,7510123597
22268665,USD/CAD,1000,2/15/16 6:10 PM,2/15/16 6:12 PM,S,1.38268,1.3833,-0.31,0.0,-0.31,7510123597
22268686,EUR/CAD,1000,2/15/16 6:14 PM,2/16/16 7:44 PM,S,1.54322,1.54645,-1.63,0.01,-1.62,7510123597
22268716,GBP/AUD,1000,2/15/16 6:18 PM,2/16/16 7:44 PM,S,2.02114,2.01246,4.31,0.03,4.34,7510123597
22288648,GBP/USD,1000,2/16/16 7:21 PM,2/16/16 7:37 PM,S,1.42907,1.42923,-0.11,0.0,-0.11,7510123597
22288658,EUR/USD,1000,2/16/16 7:22 PM,2/16/16 7:37 PM,S,1.11427,1.1141,0.12,0.0,0.12,7510123597
22288668,NZD/USD,1000,2/16/16 7:23 PM,2/16/16 7:45 PM,S,0.65618,0.65651,-0.23,0.0,-0.23,7510123597
22288674,NZD/CAD,2000,2/16/16 7:25 PM,2/16/16 7:46 PM,S,0.9107,0.91112,-0.42,0.0,-0.42,7510123597
22288740,USD/TRY,2000,2/16/16 7:31 PM,2/16/16 7:48 PM,B,2.97679,2.97658,0.1,0.0,0.1,7510123597
22288773,EUR/USD,2000,2/16/16 7:37 PM,2/16/16 7:41 PM,S,1.11396,1.11442,-0.64,0.0,-0.64,7510123597
22288787,GBP/USD,2000,2/16/16 7:38 PM,2/19/16 4:43 PM,S,1.42906,1.43446,-7.53,0.0,-7.53,7510123597
22288822,NZD/USD,3000,2/16/16 7:45 PM,2/17/16 3:56 PM,S,0.6563,0.66278,-13.59,-0.13,-13.72,7510123597
22288846,NZD/CAD,4000,2/16/16 7:47 PM,2/19/16 4:44 PM,S,0.91092,0.91193,-2.04,-0.86,-2.9,7510123597
22288860,USD/TRY,3000,2/16/16 7:49 PM,2/17/16 3:55 PM,B,2.94847,2.9776,-20.72,-0.99,-21.71,7510123597
22288895,EUR/JPY,3000,2/16/16 7:56 PM,2/25/16 4:39 AM,S,126.861,124.038,54.01,0.07,54.08,7510123597
22288900,GBP/JPY,1000,2/16/16 7:57 PM,2/25/16 11:52 PM,S,162.678,157.963,29.85,-0.29,29.56,7510123597
22288915,CAD/JPY,2000,2/16/16 8:00 PM,2/17/16 3:59 PM,S,82.054,83.428,-16.8,-0.03,-16.83,7510123597
22288963,GBP/CHF,2000,2/16/16 8:06 PM,2/18/16 5:01 PM,S,1.41203,1.42494,-18.12,-0.39,-18.51,7510123597
22304676,USD/CAD,3000,2/17/16 4:50 PM,2/19/16 4:29 PM,S,1.36896,1.38044,-17.41,0.01,-17.4,7510123597
22304688,USD/ZAR,2000,2/17/16 4:52 PM,2/26/16 2:17 PM,S,15.45144,15.77877,-29.77,1.81,-27.96,7510123597
22304702,EUR/CHF,5000,2/17/16 4:53 PM,2/19/16 4:28 PM,B,1.10119,1.10585,-16.44,0.11,-16.33,7510123597
22304743,USD/NOK,3000,2/17/16 4:57 PM,2/19/16 4:44 PM,S,8.57283,8.57277,0.01,0.03,0.04,7510123597
22304776,EUR/CAD,2000,2/17/16 5:00 PM,2/19/16 4:31 PM,S,1.52422,1.53568,-11.59,0.09,-11.5,7510123597
22304794,AUD/CAD,5000,2/17/16 5:01 PM,2/19/16 4:32 PM,S,0.98038,0.98264,-5.71,-0.59,-6.3,7510123597
22324019,XAG/USD,100,2/18/16 6:00 PM,2/19/16 4:38 PM,B,15.379,15.484,-7.33,-0.07,-7.4,7510123597
22324128,USD/MXN,2000,2/18/16 6:07 PM,2/19/16 4:40 PM,S,18.22201,18.27647,-4.16,0.06,-4.1,7510123597
22341263,AUD/JPY,2000,2/19/16 5:32 PM,2/22/16 3:05 PM,S,80.073,81.796,-21.56,-0.08,-21.64,7510123597
22341267,NZD/JPY,2000,2/19/16 5:33 PM,2/22/16 2:16 PM,S,74.35,75.909,-19.57,-0.11,-19.68,7510123597
22341272,CAD/JPY,2000,2/19/16 5:34 PM,2/25/16 6:16 PM,S,81.434,83.133,-21.6,-0.19,-21.79,7510123597
22359965,USD/CHF,4000,2/22/16 5:42 PM,2/24/16 2:48 PM,B,0.98924,0.9997,-30.35,0.12,-30.23,7510123597
22359987,XAU/USD,1,2/22/16 5:44 PM,2/23/16 11:15 PM,S,1208.47,1232.6,-17.21,0.0,-17.21,7510123597
22360009,SPX500,1,2/22/16 5:45 PM,2/24/16 11:48 AM,B,1903.5,1943.13,-28.52,-0.14,-28.66,7510123597
22360013,EUSTX50,4,2/22/16 5:46 PM,2/24/16 9:05 AM,B,2845.5,2933.0,-27.58,-0.17,-27.75,7510123597
22360023,XPT/USD,1,2/22/16 5:48 PM,2/24/16 10:30 AM,S,924.8,948.0,-16.67,0.0,-16.67,7510123597
22360037,Copper,8,2/22/16 5:49 PM,2/24/16 3:34 AM,B,2.075,2.1213,-26.48,0.0,-26.48,7510123597
22360042,EUR/NOK,3000,2/22/16 5:50 PM,2/24/16 12:12 PM,S,9.48073,9.58905,-26.76,0.06,-26.7,7510123597
22378999,EUR/USD,3000,2/23/16 6:49 PM,3/4/16 2:01 PM,S,1.10166,1.10148,0.38,0.38,0.76,7510123597
22379008,AUD/CAD,5000,2/23/16 6:50 PM,2/25/16 12:30 AM,B,0.98437,0.99415,-25.61,0.27,-25.34,7510123597
22379015,EUR/CAD,1000,2/23/16 6:51 PM,3/2/16 5:24 PM,S,1.51898,1.46179,30.2,0.09,30.29,7510123597
22505055,EUR/CAD,1000,2/23/16 6:51 PM,3/3/16 7:30 PM,S,1.51898,1.46823,26.74,0.12,26.86,7510123597
22397039,EUSTX50,4,2/24/16 4:37 PM,2/26/16 7:00 AM,S,2821.0,2906.5,-27.04,0.0,-27.04,7510123597
22397049,SPX500,1,2/24/16 4:37 PM,2/24/16 9:49 PM,S,1899.13,1936.75,-27.01,0.0,-27.01,7510123597
22397061,UK100,2,2/24/16 4:38 PM,2/25/16 12:05 PM,S,5874.0,6010.0,-27.2,-1.3,-28.5,7510123597
22397077,USD/CHF,3000,2/24/16 4:40 PM,2/24/16 4:42 PM,S,0.98629,0.9867,-0.89,0.0,-0.89,7510123597
22417251,EUR/CAD,1000,2/25/16 4:58 PM,3/3/16 5:13 PM,S,1.4967,1.46673,15.81,0.08,15.89,7510123597
22525042,EUR/CAD,1000,2/25/16 4:58 PM,3/3/16 7:30 PM,S,1.4967,1.46824,15.0,0.07,15.07,7510123597
22417873,XPD/USD,2,2/25/16 6:07 PM,2/25/16 6:33 PM,S,481.4,487.2,-8.32,0.0,-8.32,7510123597
22417993,USD/CAD,2000,2/25/16 6:23 PM,3/3/16 5:18 PM,S,1.35686,1.34154,16.16,0.01,16.17,7510123597
22525149,USD/CAD,1000,2/25/16 6:23 PM,3/3/16 7:29 PM,S,1.35686,1.33978,9.0,0.0,9.0,7510123597
22418576,NZD/CAD,4000,2/25/16 7:06 PM,3/4/16 9:13 AM,S,0.90833,0.9081,0.48,-1.3,-0.82,7510123597
22436662,XPT/USD,1,2/26/16 4:55 PM,3/3/16 3:01 PM,S,913.0,947.3,-24.24,0.0,-24.24,7510123597
22457683,EUR/USD,3000,2/29/16 3:47 PM,3/4/16 10:37 AM,S,1.08649,1.09803,-24.48,0.19,-24.29,7510123597
22457799,NZD/CAD,4000,2/29/16 3:52 PM,3/3/16 1:35 PM,S,0.89069,0.90208,-24.06,-0.81,-24.87,7510123597
22483425,USOil,2,3/1/16 5:12 PM,3/1/16 5:26 PM,B,34.51,34.68,-2.44,0.0,-2.44,7510123597
22483450,UKOil,2,3/1/16 5:14 PM,3/1/16 5:25 PM,B,37.03,37.13,-1.43,0.0,-1.43,7510123597
22483474,USD/MXN,2000,3/1/16 5:15 PM,3/23/16 4:14 PM,S,17.89063,17.56286,26.47,1.54,28.01,7510123597
22483560,EUR/AUD,1000,3/1/16 5:17 PM,3/3/16 5:11 PM,S,1.51317,1.48737,13.42,0.14,13.56,7510123597
22525040,EUR/AUD,1000,3/1/16 5:17 PM,3/3/16 7:30 PM,S,1.51317,1.48872,12.71,0.13,12.84,7510123597
22483630,EUR/NZD,1000,3/1/16 5:22 PM,3/9/16 4:21 PM,S,1.63902,1.62193,8.16,0.33,8.49,7510123597
22606627,EUR/NZD,1000,3/1/16 5:22 PM,3/9/16 8:00 PM,S,1.63902,1.65095,-5.6,0.32,-5.28,7510123597
22483641,EUR/GBP,3000,3/1/16 5:23 PM,3/16/16 6:45 AM,S,0.77722,0.7865,-27.84,0.47,-27.37,7510123597
22483657,EUR/CHF,4000,3/1/16 5:23 PM,3/4/16 3:57 PM,S,1.08447,1.09366,-26.05,-0.4,-26.45,7510123597
22483677,UKOil,1,3/1/16 5:25 PM,3/3/16 6:51 PM,B,37.17,37.09,0.56,0.0,0.56,7510123597
22483692,USOil,1,3/1/16 5:26 PM,3/3/16 6:51 PM,B,34.75,34.55,1.41,0.0,1.41,7510123597
22483768,USD/CHF,3000,3/1/16 5:31 PM,3/3/16 4:36 PM,B,0.9899,1.00066,-22.99,0.19,-22.8,7510123597
22483787,Copper,2,3/1/16 5:32 PM,3/3/16 5:12 PM,B,2.2035,2.1443,8.37,0.0,8.37,7510123597
22525041,Copper,2,3/1/16 5:32 PM,3/3/16 7:30 PM,B,2.2088,2.1443,9.1,0.0,9.1,7510123597
22483824,XAG/USD,50,3/1/16 5:35 PM,3/3/16 8:11 PM,S,14.743,15.225,-17.0,0.0,-17.0,7510123597
22523856,USD/CAD,3000,3/3/16 4:16 PM,3/3/16 7:29 PM,S,1.33854,1.33981,-2.01,0.0,-2.01,7510123597
22523994,EUR/AUD,2000,3/3/16 4:24 PM,3/3/16 7:30 PM,S,1.48627,1.48872,-2.55,0.0,-2.55,7510123597
22524233,Copper,6,3/3/16 4:33 PM,3/3/16 7:30 PM,B,2.2088,2.204,2.03,0.0,2.03,7510123597
22526177,USD/TRY,4000,3/3/16 7:05 PM,3/3/16 7:28 PM,S,2.90974,2.91079,-1.02,0.0,-1.02,7510123597
22544331,USOil,1,3/4/16 5:44 PM,3/4/16 7:10 PM,B,35.72,35.76,-0.28,0.0,-0.28,7510123597
22544347,XAU/USD,1,3/4/16 5:46 PM,3/4/16 5:55 PM,B,1268.31,1270.71,-1.69,0.0,-1.69,7510123597
22545320,GBP/NZD,1000,3/4/16 7:12 PM,3/9/16 8:00 PM,S,2.08803,2.1342,-21.63,0.12,-21.51,7510123597
22545333,USD/NOK,2000,3/4/16 7:13 PM,3/22/16 8:33 AM,S,8.49623,8.461,5.84,0.02,5.86,7510123597
22545343,USD/ZAR,1000,3/4/16 7:15 PM,3/15/16 12:13 PM,S,15.29973,15.78221,-21.6,0.72,-20.88,7510123597
22545379,EUR/NZD,1000,3/4/16 7:19 PM,3/9/16 8:00 PM,S,1.61496,1.65095,-16.88,0.12,-16.76,7510123597
22545428,USD/CNH,6000,3/4/16 7:25 PM,3/4/16 7:27 PM,S,6.50035,6.50176,-0.92,0.0,-0.92,7510123597
22565041,AUD/CAD,4000,3/7/16 5:03 PM,3/30/16 5:39 PM,B,0.99418,0.99343,1.61,1.4,3.01,7510123597
22565056,AUD/NZD,1000,3/7/16 5:04 PM,3/9/16 4:18 PM,B,1.10662,1.09779,4.22,-0.03,4.19,7510123597
22606519,AUD/NZD,1000,3/7/16 5:04 PM,3/10/16 12:28 AM,B,1.12417,1.09779,12.34,-0.07,12.27,7510123597
22611978,AUD/NZD,4000,3/7/16 5:04 PM,3/16/16 7:35 PM,B,1.12091,1.09779,43.7,-0.51,43.19,7510123597
22565239,NZD/CHF,3000,3/7/16 5:12 PM,3/10/16 4:25 PM,B,0.65607,0.67756,-45.78,0.44,-45.34,7510123597
22587298,USD/JPY,3000,3/8/16 6:13 PM,3/14/16 6:29 PM,S,112.551,113.832,-23.61,-0.35,-23.96,7510123597
22587318,CHF/JPY,3000,3/8/16 6:15 PM,3/10/16 3:09 PM,S,113.036,115.553,-46.42,0.09,-46.33,7510123597
22587381,NZD/JPY,3000,3/8/16 6:17 PM,3/29/16 5:20 PM,S,76.298,77.274,-18.08,-3.26,-21.34,7510123597
22606327,AUD/NZD,1000,3/9/16 4:14 PM,3/10/16 12:27 AM,B,1.124,1.10711,7.9,-0.04,7.86,7510123597
22611976,AUD/NZD,5000,3/9/16 4:14 PM,3/24/16 1:42 AM,B,1.11857,1.10711,27.26,-1.07,26.19,7510123597
22637127,XAG/USD,100,3/10/16 5:24 PM,3/16/16 4:23 PM,B,15.216,15.564,-24.67,-0.28,-24.95,7510123597
22637191,NZD/CHF,3000,3/10/16 5:27 PM,3/30/16 8:42 AM,S,0.65635,0.67122,-32.04,-3.32,-35.36,7510123597
22637247,GBP/NZD,2000,3/10/16 5:29 PM,3/15/16 7:04 PM,B,2.14527,2.14303,2.09,-0.48,1.61,7510123597
22661125,EUSTX50,2,3/11/16 5:55 PM,3/16/16 5:13 PM,B,3058.0,3080.0,-3.46,-0.2,-3.66,7510123597
22719658,EUSTX50,3,3/11/16 5:55 PM,3/24/16 6:04 PM,B,2990.0,3080.0,-21.3,-0.12,-21.42,7510123597
22661152,CAD/JPY,3000,3/11/16 5:57 PM,3/15/16 5:45 PM,B,84.488,86.087,-30.0,0.04,-29.96,7510123597
22661174,TRY/JPY,7000,3/11/16 6:00 PM,3/15/16 5:38 PM,B,38.893,39.647,-33.02,0.58,-32.44,7510123597
22703270,NZD/JPY,1000,3/15/16 5:40 PM,3/16/16 5:11 PM,S,74.534,74.995,-2.88,-0.05,-2.93,7510123597
22719653,NZD/JPY,2000,3/15/16 5:40 PM,3/17/16 6:07 PM,S,74.534,76.334,-22.33,-0.51,-22.84,7510123597
22703904,GBP/CHF,1000,3/15/16 7:01 PM,3/16/16 5:21 PM,S,1.39754,1.39397,2.56,-0.05,2.51,7510123597
22719772,GBP/CHF,1000,3/15/16 7:01 PM,3/30/16 6:10 PM,S,1.39754,1.38602,8.31,-0.75,7.56,7510123597
22703916,GBP/JPY,1000,3/15/16 7:02 PM,3/16/16 5:12 PM,S,160.124,160.36,-1.47,-0.03,-1.5,7510123597
22719655,GBP/JPY,1000,3/15/16 7:02 PM,3/29/16 5:49 PM,S,160.124,162.242,-13.05,-0.42,-13.47,7510123597
22703930,EUR/NZD,1000,3/15/16 7:05 PM,3/16/16 5:14 PM,B,1.68011,1.68339,-1.53,-0.1,-1.63,7510123597
22719661,EUR/NZD,1000,3/15/16 7:05 PM,3/17/16 6:11 PM,B,1.65171,1.68339,-15.0,-0.38,-15.38,7510123597
22703955,NZD/USD,2000,3/15/16 7:07 PM,3/16/16 5:10 PM,S,0.65976,0.6593,0.65,-0.09,0.56,7510123597
22719652,NZD/USD,2000,3/15/16 7:07 PM,3/17/16 7:06 AM,S,0.65976,0.67878,-26.69,-0.33,-27.02,7510123597
22719296,XAU/USD,1,3/16/16 4:52 PM,3/17/16 6:00 PM,S,1228.88,1263.68,-24.04,0.0,-24.04,7510123597
22748123,USD/NOK,1000,3/17/16 6:03 PM,3/23/16 7:25 PM,S,8.33133,8.48257,-12.64,0.01,-12.63,7510123597
22748143,USD/MXN,1000,3/17/16 6:05 PM,3/24/16 6:01 PM,S,17.39603,17.63868,-9.7,0.27,-9.43,7510123597
22748662,XAU/USD,1,3/17/16 6:56 PM,3/23/16 1:05 PM,B,1220.61,1259.09,-27.2,-0.04,-27.24,7510123597
22748687,EUR/USD,2000,3/17/16 7:00 PM,3/23/16 7:28 PM,B,1.11816,1.13182,-19.35,-0.24,-19.59,7510123597
22764542,GBP/USD,1000,3/18/16 6:05 PM,3/23/16 7:36 AM,B,1.41668,1.44892,-22.76,0.0,-22.76,7510123597
22806447,USD/NOK,1000,3/22/16 6:08 PM,3/23/16 7:25 PM,S,8.40763,8.48247,-6.25,0.01,-6.24,7510123597
22806565,GBP/CHF,1000,3/22/16 6:21 PM,3/30/16 6:10 PM,S,1.38102,1.38605,-3.63,-0.41,-4.04,7510123597
22806607,EUR/USD,1000,3/22/16 6:28 PM,3/23/16 7:28 PM,B,1.11813,1.12103,-2.05,-0.03,-2.08,7510123597
22825202,XAU/USD,1,3/23/16 6:29 PM,3/30/16 5:43 PM,S,1223.95,1227.92,-2.76,0.0,-2.76,7510123597
22844795,GBP/USD,2000,3/24/16 6:37 PM,3/29/16 5:48 PM,S,1.41637,1.43681,-28.45,0.0,-28.45,7510123597
22844819,SPX500,1,3/24/16 6:39 PM,3/30/16 5:30 PM,S,2032.12,2065.13,-22.95,-0.45,-23.4,7510123597
22844824,EUSTX50,4,3/24/16 6:41 PM,3/30/16 5:36 PM,S,2992.5,3040.0,-14.96,0.0,-14.96,7510123597
22844860,XPT/USD,1,3/24/16 6:42 PM,3/30/16 5:43 PM,S,949.7,969.1,-13.48,0.0,-13.48,7510123597
22844887,CAD/CHF,3000,3/24/16 6:46 PM,3/30/16 5:41 PM,S,0.73611,0.74291,-14.72,-0.19,-14.91,7510123597
22856527,CHF/JPY,3000,3/28/16 6:25 PM,3/28/16 6:30 PM,B,116.431,116.498,-1.25,0.0,-1.25,7510123597
22874496,EUR/USD,3000,3/29/16 5:54 PM,4/13/16 3:01 PM,B,1.1272,1.12704,0.34,-1.68,-1.34,7510123597
23006611,EUR/USD,3000,4/7/16 9:56 AM,4/13/16 1:14 PM,B,1.12953,1.13843,-18.76,-0.36,-19.12,7510123597
23106219,UK100,3,4/13/16 10:03 AM,4/25/16 3:40 PM,B,6248.8,6329.8,-24.3,-0.44,-24.74,7510123597
23106545,CAD/CHF,4000,4/13/16 10:05 AM,4/21/16 9:27 AM,B,0.76712,0.75095,46.53,0.48,47.01,7510123597
23106696,AUD/CHF,4000,4/13/16 10:07 AM,4/21/16 9:21 AM,B,0.75945,0.73674,65.27,1.23,66.5,7510123597
23106792,USD/MXN,2000,4/13/16 10:09 AM,4/17/16 11:00 PM,S,17.47383,17.70107,-18.09,0.57,-17.52,7510123597
23106837,XAU/USD,2,4/13/16 10:11 AM,4/14/16 10:43 AM,B,1238.84,1245.6,-9.55,-0.04,-9.59,7510123597
23127351,AUD/USD,3000,4/14/16 11:18 AM,4/14/16 11:26 AM,B,0.76957,0.76956,0.02,0.0,0.02,7510123597
23127483,AUD/USD,4000,4/14/16 11:27 AM,4/27/16 4:33 AM,B,0.7632,0.76989,-18.36,0.62,-17.74,7510123597
23146097,AUD/CHF,4000,4/15/16 10:09 AM,4/21/16 9:34 AM,B,0.75954,0.7469,36.35,0.78,37.13,7510123597
23148825,NZD/USD,4000,4/15/16 10:48 AM,4/22/16 5:05 PM,B,0.6847,0.69157,-19.11,0.5,-18.61,7510123597
23148886,AUD/NZD,5000,4/15/16 10:49 AM,4/27/16 7:33 AM,B,1.10719,1.11719,-23.59,-0.54,-24.13,7510123597
23148963,EUR/NZD,3000,4/15/16 10:51 AM,4/27/16 10:22 AM,S,1.62825,1.64992,-30.56,1.21,-29.35,7510123597
23167532,AUD/CAD,5000,4/18/16 10:43 AM,4/22/16 11:57 AM,B,0.98488,0.99315,-22.63,0.54,-22.09,7510123597
23185455,NZD/USD,4000,4/19/16 9:57 AM,4/22/16 9:44 AM,B,0.68799,0.70074,-35.53,0.38,-35.15,7510123597
23186155,XPT/USD,1,4/19/16 10:32 AM,5/5/16 12:27 PM,B,1051.8,993.9,40.08,0.0,40.08,7510123597
23205787,AUD/USD,3000,4/20/16 9:54 AM,4/25/16 11:07 AM,B,0.77098,0.78158,-22.02,0.21,-21.81,7510123597
23207503,XAU/USD,2,4/20/16 11:13 AM,5/19/16 12:26 PM,B,1253.81,1249.66,5.68,-0.36,5.32,7510123597
23207574,CAD/CHF,4000,4/20/16 11:18 AM,4/21/16 9:36 AM,B,0.76721,0.75912,23.28,0.14,23.42,7510123597
23225488,XPT/USD,1,4/21/16 9:39 AM,4/25/16 11:03 AM,B,998.9,1027.4,-19.75,0.0,-19.75,7510123597
23227432,UKOil,2,4/21/16 11:23 AM,4/28/16 10:39 PM,B,47.87,45.985,25.82,0.0,25.82,7510123597
23227523,Bund,4,4/21/16 11:27 AM,4/21/16 11:29 AM,S,162.79,162.81,-0.63,0.0,-0.63,7510123597
23250525,Bund,4,4/22/16 11:48 AM,4/28/16 10:58 AM,S,162.58,162.63,-1.56,0.0,-1.56,7510123597
23292355,Bund,4,4/26/16 3:28 PM,4/28/16 10:58 AM,S,161.72,162.63,-28.36,0.0,-28.36,7510123597
23293103,XPT/USD,1,4/26/16 4:07 PM,4/26/16 4:08 PM,B,1014.4,1018.6,-2.88,0.0,-2.88,7510123597
23293163,USD/TRY,3000,4/26/16 4:11 PM,5/3/16 3:34 PM,S,2.82447,2.84826,-17.21,1.59,-15.62,7510123597
23293300,GBP/CAD,2000,4/26/16 4:23 PM,4/28/16 11:07 AM,B,1.83117,1.84396,-13.97,-0.07,-14.04,7510123597
23293315,GBP/AUD,2000,4/26/16 4:24 PM,5/5/16 12:35 PM,B,1.93357,1.88621,48.99,-1.36,47.63,7510123597
23303266,GBP/AUD,1000,4/27/16 10:24 AM,5/10/16 10:38 AM,B,1.96546,1.91586,25.24,-0.8,24.44,7510123597
23472573,GBP/AUD,1000,4/27/16 10:24 AM,5/16/16 6:47 PM,B,1.97569,1.91586,30.28,-1.16,29.12,7510123597
23323199,XPT/USD,1,4/28/16 11:02 AM,5/19/16 6:57 AM,B,1016.0,1038.2,-15.23,0.0,-15.23,7510123597
23347139,USD/TRY,3000,4/29/16 3:58 PM,5/3/16 3:34 PM,S,2.79528,2.84854,-38.53,0.43,-38.1,7510123597
23348974,GBP/JPY,1000,4/29/16 5:40 PM,5/18/16 2:13 PM,S,156.419,159.493,-19.27,-0.3,-19.57,7510123597
23348983,NZD/JPY,3000,4/29/16 5:41 PM,5/19/16 12:26 PM,S,74.551,74.105,8.33,-2.94,5.39,7510123597
23348998,SPX500,1,4/29/16 5:43 PM,5/11/16 11:37 AM,S,2058.63,2077.37,-12.99,-1.67,-14.66,7510123597
23406570,GBP/CAD,2000,5/4/16 5:27 PM,5/19/16 12:09 PM,B,1.91436,1.86386,52.76,-0.28,52.48,7510123597
23406585,EUR/NZD,2000,5/4/16 5:29 PM,5/19/16 12:30 PM,B,1.6605,1.6716,-10.24,-3.05,-13.29,7510123597
23406623,EUR/GBP,3000,5/4/16 5:30 PM,5/16/16 6:47 PM,B,0.78632,0.79304,-20.16,-1.08,-21.24,7510123597
23406649,USD/MXN,2000,5/4/16 5:36 PM,5/11/16 11:29 AM,B,18.08089,17.69357,29.69,-1.57,28.12,7510123597
23406661,GBP/CHF,2000,5/4/16 5:37 PM,5/6/16 10:21 AM,S,1.38616,1.40232,-23.05,-0.11,-23.16,7510123597
23432822,NZD/JPY,3000,5/6/16 10:22 AM,5/12/16 9:59 AM,S,73.149,74.381,-23.5,-0.9,-24.4,7510123597
23432920,USD/MXN,2000,5/6/16 10:28 AM,5/19/16 11:55 AM,B,18.48324,17.93516,40.51,-3.03,37.48,7510123597
23470799,EUR/NZD,2000,5/10/16 9:42 AM,5/12/16 10:03 AM,B,1.67053,1.68966,-18.09,-0.71,-18.8,7510123597
23492527,XPT/USD,1,5/11/16 11:22 AM,5/18/16 2:10 PM,B,1030.4,1064.1,-23.14,0.0,-23.14,7510123597
23492572,XAU/USD,1,5/11/16 11:24 AM,5/19/16 12:17 PM,B,1253.82,1272.79,-12.97,-0.08,-13.05,7510123597
23561631,USD/MXN,2000,5/16/16 6:42 PM,5/19/16 12:04 PM,B,18.48621,18.19989,21.17,-1.21,19.96,7510123597
23598392,GBP/CAD,2000,5/18/16 3:18 PM,5/26/16 11:42 AM,B,1.90244,1.89007,13.0,-0.15,12.85,7510123597
23615061,USD/MXN,1000,5/19/16 12:03 PM,5/19/16 12:04 PM,B,18.48464,18.48997,-0.2,0.0,-0.2,7510123597
23615120,USD/MXN,2000,5/19/16 12:06 PM,6/8/16 10:35 AM,B,18.34123,18.48187,-10.55,-4.23,-14.78,7510123597
23615172,GBP/CAD,2000,5/19/16 12:08 PM,5/26/16 11:42 AM,B,1.90264,1.9161,-14.15,-0.09,-14.24,7510123597
23803845,USD/MXN,2000,6/3/16 12:45 PM,6/8/16 10:30 AM,B,18.3538,18.69047,-25.24,-0.71,-25.95,7510123597
23988348,USD/CAD,3000,6/20/16 2:49 PM,6/24/16 4:35 AM,S,1.27797,1.30137,-39.93,-0.06,-39.99,7510123597
23988366,AUD/USD,4000,6/20/16 2:51 PM,6/24/16 3:39 AM,B,0.7425,0.74725,-13.64,0.25,-13.39,7510123597
23988396,UKOil,2,6/20/16 2:54 PM,6/20/16 2:56 PM,B,49.8,49.82,-0.27,0.0,-0.27,7510123597
23997515,USOil,2,6/21/16 10:27 AM,6/24/16 4:46 AM,B,47.01,49.61,-38.86,0.0,-38.86,7510123597
23997523,UKOil,2,6/21/16 10:28 AM,6/24/16 4:48 AM,B,47.55,50.18,-39.49,0.0,-39.49,7510123597
23997536,EUR/AUD,3000,6/21/16 10:29 AM,7/4/16 8:50 AM,S,1.51086,1.48048,51.55,1.86,53.41,7510123597
24021423,AUD/USD,4000,6/23/16 11:02 AM,6/24/16 3:39 AM,B,0.74251,0.75894,-47.17,0.04,-47.13,7510123597
24021874,USD/NOK,3000,6/23/16 11:26 AM,6/24/16 2:08 AM,S,8.16584,8.35897,-49.31,0.0,-49.31,7510123597
24049212,XAU/USD,1,6/24/16 11:20 AM,7/8/16 9:19 AM,B,1355.01,1317.28,29.16,-0.12,29.04,7510123597
24049272,EUR/GBP,2000,6/24/16 11:22 AM,6/27/16 11:18 AM,B,0.83131,0.80299,56.64,-0.08,56.56,7510123597
24071121,EUR/GBP,2000,6/27/16 11:18 AM,7/7/16 7:09 AM,B,0.85427,0.83151,45.52,-0.94,44.58,7510123597
24071179,EUR/AUD,3000,6/27/16 11:19 AM,7/12/16 6:58 AM,S,1.48535,1.46097,42.44,2.19,44.63,7510123597
24088793,USD/CHF,3000,6/28/16 10:16 AM,7/5/16 1:38 PM,B,0.97248,0.97977,-17.16,1.48,-15.68,7510123597
24088823,CAD/CHF,4000,6/28/16 10:17 AM,7/7/16 7:14 AM,B,0.75244,0.75424,-5.69,0.82,-4.87,7510123597
24159778,XAU/USD,1,7/4/16 8:51 AM,7/13/16 3:17 AM,B,1333.65,1349.68,-12.06,-0.08,-12.14,7510123597
24161199,UKOil,2,7/4/16 10:02 AM,7/5/16 1:26 PM,B,48.7,50.64,-29.57,0.0,-29.57,7510123597
24161223,AUD/USD,3000,7/4/16 10:04 AM,7/14/16 3:07 AM,B,0.76327,0.75106,27.83,0.44,28.27,7510123597
24161269,Copper,6,7/4/16 10:07 AM,7/5/16 3:18 PM,B,2.1768,2.2318,-25.25,0.0,-25.25,7510123597
24161296,SPX500,1,7/4/16 10:09 AM,7/14/16 3:15 AM,B,2150.38,2107.38,32.68,-0.86,31.82,7510123597
24178842,EUR/GBP,2000,7/5/16 1:32 PM,7/12/16 6:56 AM,B,0.84723,0.84953,-4.6,-0.55,-5.15,7510123597
24181701,AUD/JPY,2000,7/5/16 3:54 PM,7/11/16 10:02 AM,S,75.858,76.971,-16.95,-0.67,-17.62,7510123597
24181780,USD/JPY,2000,7/5/16 3:58 PM,7/12/16 6:46 AM,S,101.515,103.066,-23.01,-0.45,-23.46,7510123597
24181839,EUSTX50,3,7/5/16 4:00 PM,7/11/16 8:28 AM,S,2809.5,2879.0,-17.78,-0.2,-17.98,7510123597
24181954,USD/MXN,1000,7/5/16 4:02 PM,7/12/16 6:46 AM,B,18.42533,18.73526,-12.86,-0.8,-13.66,7510123597
24192544,USD/NOK,2000,7/6/16 9:09 AM,7/15/16 2:53 AM,B,8.38073,8.43754,-10.11,-0.04,-10.15,7510123597
24229305,EUR/NOK,2000,7/8/16 10:11 AM,7/13/16 3:12 AM,B,9.34203,9.42277,-14.38,-0.27,-14.65,7510123597
24229325,AUD/CAD,4000,7/8/16 10:13 AM,7/14/16 2:57 AM,B,0.98674,0.97654,23.98,0.34,24.32,7510123597
24229335,AUD/CHF,3000,7/8/16 10:15 AM,7/14/16 3:02 AM,B,0.75007,0.7346,35.86,0.58,36.44,7510123597
24244723,SPX500,1,7/11/16 8:15 AM,7/22/16 4:03 AM,B,2164.32,2136.63,20.93,-1.45,19.48,7510123597
24244788,USD/NOK,2000,7/11/16 8:17 AM,7/12/16 8:12 AM,B,8.44721,8.54127,-16.97,-0.01,-16.98,7510123597
24245166,EUR/AUD,2000,7/11/16 8:31 AM,7/18/16 3:04 AM,S,1.46125,1.45781,3.94,0.55,4.49,7510123597
24245328,AUD/CHF,3000,7/11/16 8:36 AM,7/19/16 2:56 AM,B,0.73829,0.7421,-8.79,0.76,-8.03,7510123597
24245352,AUD/CAD,4000,7/11/16 8:39 AM,7/19/16 2:57 AM,B,0.97567,0.98536,-22.58,0.47,-22.11,7510123597
24247563,USD/CHF,4000,7/11/16 10:03 AM,7/15/16 4:01 AM,B,0.98003,0.985,-15.08,0.51,-14.57,7510123597
24247598,UKOil,2,7/11/16 10:05 AM,7/13/16 3:06 AM,S,46.04,48.1,-31.01,0.0,-31.01,7510123597
24261644,AUD/USD,3000,7/12/16 8:00 AM,7/19/16 2:56 AM,B,0.75103,0.76002,-20.41,0.34,-20.07,7510123597
24261833,ZAR/JPY,15000,7/12/16 8:03 AM,7/22/16 4:11 AM,B,7.416,7.214,21.65,1.05,22.7,7510123597
24262059,GBP/JPY,1000,7/12/16 8:08 AM,7/15/16 4:18 AM,B,142.781,135.44,51.41,0.08,51.49,7510123597
24279015,GBP/NZD,1000,7/13/16 4:10 AM,7/20/16 7:10 AM,B,1.85611,1.82835,14.96,-0.52,14.44,7510123597
24298694,Copper,6,7/14/16 3:57 AM,7/26/16 6:22 AM,B,2.2138,2.2473,-15.32,0.0,-15.32,7510123597
24298795,EUR/JPY,2000,7/14/16 4:19 AM,7/22/16 4:14 AM,B,116.626,116.267,5.13,0.01,5.14,7510123597
24298811,CAD/JPY,2000,7/14/16 4:24 AM,7/21/16 10:38 AM,B,80.806,80.86,-0.78,0.14,-0.64,7510123597
24298838,CAD/CHF,4000,7/14/16 4:29 AM,7/20/16 7:05 AM,B,0.75672,0.76013,-10.56,0.24,-10.32,7510123597
24318573,ZAR/JPY,15000,7/15/16 2:52 AM,7/26/16 6:23 AM,B,7.299,7.418,-13.02,0.69,-12.33,7510123597
24318589,SPX500,1,7/15/16 2:57 AM,7/22/16 4:01 AM,B,2164.32,2160.5,2.89,-0.93,1.96,7510123597
24318608,GBP/NZD,1000,7/15/16 3:00 AM,7/20/16 7:09 AM,B,1.85603,1.87592,-10.72,-0.21,-10.93,7510123597
24318624,GBP/JPY,1000,7/15/16 3:03 AM,7/20/16 7:02 AM,B,139.046,142.188,-22.6,0.05,-22.55,7510123597
24318885,CAD/JPY,2000,7/15/16 3:54 AM,7/21/16 10:38 AM,B,80.797,82.403,-23.07,0.12,-22.95,7510123597
24318942,EUR/GBP,2000,7/15/16 4:03 AM,7/19/16 2:58 AM,S,0.82745,0.83778,-20.66,0.07,-20.59,7510123597
24352671,USD/JPY,2000,7/19/16 4:09 AM,7/26/16 6:21 AM,B,104.438,105.89,-21.19,0.25,-20.94,7510123597
24370222,USD/NOK,2000,7/20/16 7:54 AM,7/29/16 3:58 PM,B,8.42763,8.50522,-13.87,0.0,-13.87,7510123597
24370247,USD/SEK,1000,7/20/16 7:56 AM,8/2/16 9:11 AM,B,8.56183,8.61988,-5.14,0.24,-4.9,7510123597
24389654,NGAS,3,7/21/16 11:02 AM,7/24/16 11:39 PM,S,2.623,2.795,-39.27,0.0,-39.27,7510123597
24400286,GBP/NZD,1000,7/22/16 5:32 AM,7/25/16 7:20 AM,B,1.87743,1.88983,-6.6,-0.08,-6.68,7510123597
24417643,AUD/CAD,4000,7/25/16 7:23 AM,8/1/16 9:12 AM,B,0.99027,0.98349,15.72,0.4,16.12,7510123597
24431530,AUD/CAD,2000,7/26/16 6:24 AM,8/9/16 12:23 PM,B,1.008,0.99262,18.03,0.38,18.41,7510123597
24597617,AUD/CAD,2000,7/26/16 6:24 AM,8/10/16 6:15 PM,B,1.00728,0.99262,17.27,0.39,17.66,7510123597
24432218,EUR/JPY,2000,7/26/16 7:27 AM,8/5/16 7:53 AM,S,114.824,112.578,33.86,0.07,33.93,7510123597
24432258,CHF/JPY,2000,7/26/16 7:30 AM,8/5/16 7:53 AM,S,105.892,103.824,31.18,0.18,31.36,7510123597
24432272,UKOil,2,7/26/16 7:32 AM,7/28/16 10:18 PM,S,44.79,42.68,32.06,0.0,32.06,7510123597
24432343,USOil,1,7/26/16 7:36 AM,7/26/16 7:37 AM,S,43.13,43.205,-0.57,0.0,-0.57,7510123597
24432389,USD/CAD,4000,7/26/16 7:39 AM,8/1/16 9:07 AM,B,1.30485,1.3201,-35.36,0.06,-35.3,7510123597
24432400,NZD/CHF,3000,7/26/16 7:41 AM,8/10/16 6:23 PM,B,0.70417,0.69439,23.11,1.48,24.59,7510123597
24502332,XAU/USD,2,8/1/16 11:02 AM,8/7/16 11:06 PM,B,1332.54,1349.85,-26.49,-0.08,-26.57,7510123597
24502402,CAD/CHF,4000,8/1/16 11:04 AM,8/5/16 8:07 AM,S,0.74052,0.7479,-23.09,-0.81,-23.9,7510123597
24502503,Copper,6,8/1/16 11:10 AM,8/3/16 8:49 AM,B,2.1933,2.2333,-18.01,0.0,-18.01,7510123597
24516864,EUR/CAD,3000,8/2/16 8:30 AM,8/4/16 8:22 AM,B,1.45526,1.46835,-22.59,-0.4,-22.99,7510123597
24517508,USOil,1,8/2/16 8:50 AM,8/10/16 7:26 PM,S,39.955,41.99,-15.64,0.0,-15.64,7510123597
24517619,UK100,4,8/2/16 8:53 AM,8/4/16 2:40 PM,S,6656.5,6749.8,-37.32,-3.87,-41.19,7510123597
24517749,EUR/AUD,3000,8/2/16 8:57 AM,8/4/16 8:20 AM,B,1.46475,1.48219,-29.91,-0.89,-30.8,7510123597
24517901,XAG/USD,50,8/2/16 9:01 AM,8/5/16 1:30 PM,B,19.765,20.539,-29.51,-1.86,-31.37,7510123597
24533050,EUR/JPY,2000,8/3/16 7:47 AM,8/15/16 5:52 PM,S,113.199,113.235,-0.55,0.08,-0.47,7510123597
24534931,EUSTX50,5,8/3/16 8:52 AM,8/5/16 8:07 AM,S,2897.0,2946.0,-20.79,-0.94,-21.73,7510123597
24535104,ZAR/JPY,17000,8/3/16 9:02 AM,8/4/16 9:24 AM,S,7.178,7.324,-18.41,-1.22,-19.63,7510123597
24535140,AUD/USD,2000,8/3/16 9:05 AM,8/11/16 5:54 PM,B,0.77085,0.75892,18.4,0.21,18.61,7510123597
24636010,AUD/USD,1000,8/3/16 9:05 AM,8/11/16 6:05 PM,B,0.77078,0.75892,9.15,0.11,9.26,7510123597
24549160,CHF/JPY,2000,8/4/16 8:37 AM,8/15/16 5:59 PM,S,104.165,104.061,1.6,0.14,1.74,7510123597
24549339,CAD/CHF,4000,8/4/16 8:46 AM,8/10/16 6:59 PM,S,0.74436,0.74829,-12.38,-0.53,-12.91,7510123597
24549483,EUSTX50,5,8/4/16 8:53 AM,8/8/16 9:49 AM,S,2926.0,2998.0,-30.57,-0.6,-31.17,7510123597
24551545,UKOil,2,8/4/16 11:32 AM,8/8/16 9:50 AM,S,42.56,44.81,-34.48,0.0,-34.48,7510123597
24562603,UKOil,2,8/5/16 7:42 AM,8/9/16 12:07 PM,S,43.75,45.53,-27.43,0.0,-27.43,7510123597
24562779,AUD/USD,1000,8/5/16 8:00 AM,8/10/16 7:24 PM,B,0.77201,0.76509,5.32,0.03,5.35,7510123597
24582257,USD/CAD,1000,8/8/16 10:12 AM,8/10/16 7:25 PM,B,1.30429,1.31619,-7.01,0.0,-7.01,7510123597
24582279,AUD/NZD,4000,8/8/16 10:15 AM,8/10/16 10:01 PM,B,1.05434,1.07005,-35.42,-0.35,-35.77,7510123597
24582287,AUD/CHF,1000,8/8/16 10:16 AM,8/10/16 7:23 PM,B,0.75297,0.74864,3.41,0.06,3.47,7510123597
24582306,ZAR/JPY,6000,8/8/16 10:18 AM,8/10/16 7:27 PM,B,7.596,7.492,4.74,0.38,5.12,7510123597
24597381,NZD/CHF,3000,8/9/16 12:14 PM,8/15/16 5:53 PM,B,0.70121,0.7033,-5.01,0.55,-4.46,7510123597
24619576,AUD/USD,3000,8/10/16 6:29 PM,8/12/16 5:53 PM,B,0.76543,0.77238,-16.15,0.13,-16.02,7510123597
24620339,UKOil,2,8/10/16 8:28 PM,8/11/16 5:44 PM,S,43.89,45.995,-32.48,0.0,-32.48,7510123597
24620342,XAU/USD,1,8/10/16 8:29 PM,8/15/16 5:58 PM,B,1341.22,1346.92,-4.43,-0.04,-4.47,7510123597
24663007,USD/CAD,3000,8/15/16 6:36 PM,8/22/16 5:26 PM,S,1.29163,1.29368,-3.62,-0.07,-3.69,7510123597
24663011,CAD/CHF,4000,8/15/16 6:37 PM,8/16/16 5:47 PM,B,0.74878,0.7531,-13.77,0.06,-13.71,7510123597
24680047,EUR/USD,3000,8/16/16 6:41 PM,8/24/16 3:19 PM,B,1.12546,1.12775,-5.18,-0.87,-6.05,7510123597
24680052,NZD/USD,3000,8/16/16 6:41 PM,8/17/16 8:12 PM,B,0.72384,0.72795,-9.46,0.05,-9.41,7510123597
24706539,USD/CAD,3000,8/18/16 6:45 PM,8/19/16 3:52 PM,S,1.27798,1.28782,-17.54,-0.01,-17.55,7510123597
24706549,EUR/USD,3000,8/18/16 6:47 PM,8/19/16 3:56 PM,B,1.13223,1.13377,-3.54,-0.11,-3.65,7510123597
24706741,EUR/TRY,3000,8/18/16 7:17 PM,8/19/16 3:56 PM,B,3.31545,3.3247,-7.26,-1.03,-8.29,7510123597
24706749,NGAS,2,8/18/16 7:18 PM,8/19/16 3:52 PM,B,2.5865,2.6925,-16.22,0.0,-16.22,7510123597
24733796,XAG/USD,50,8/22/16 5:54 PM,8/22/16 6:12 PM,S,18.868,18.921,-2.02,0.0,-2.02,7510123597
24733809,EUR/TRY,3000,8/22/16 5:57 PM,8/22/16 6:12 PM,B,3.33083,3.3324,-1.22,0.0,-1.22,7510123597
24745262,NZD/CHF,8000,8/23/16 3:17 PM,8/25/16 5:12 PM,B,0.70656,0.70477,11.22,0.98,12.2,7510123597
24758875,EUR/GBP,6000,8/24/16 3:53 PM,8/25/16 4:08 PM,S,0.8493,0.85562,-37.92,0.24,-37.68,7510123597
24867304,CAD/CHF,10000,9/5/16 6:02 PM,9/9/16 2:01 PM,B,0.7501,0.75826,-62.84,0.24,-62.6,7510123597
24891059,XAU/USD,4,9/7/16 11:47 AM,9/9/16 2:31 PM,B,1332.68,1348.3,-47.05,-0.12,-47.17,7510123597
24921721,NGAS,6,9/9/16 2:29 PM,9/9/16 2:29 PM,S,2.8275,2.8365,-4.06,0.0,-4.06,7510123597
24921732,NGAS,2,9/9/16 2:29 PM,9/21/16 8:27 AM,B,3.073,2.8375,36.27,0.0,36.27,7510123597
25047545,NGAS,2,9/9/16 2:29 PM,9/23/16 11:06 AM,B,2.9885,2.8375,23.21,0.0,23.21,7510123597
25084265,NGAS,2,9/9/16 2:29 PM,9/27/16 10:11 PM,B,2.982,2.8375,22.2,0.0,22.2,7510123597
24949855,GBP/AUD,4000,9/13/16 8:06 AM,9/16/16 5:25 PM,B,1.74535,1.77064,-57.96,-1.01,-58.97,7510123597
24966843,EUR/JPY,6000,9/14/16 8:14 AM,9/16/16 6:34 AM,B,114.702,115.966,-56.15,-0.42,-56.57,7510123597
24980545,USD/CAD,7000,9/15/16 6:58 AM,9/21/16 8:22 AM,B,1.31669,1.32099,-17.61,0.04,-17.57,7510123597
25096508,EUR/CAD,6000,9/26/16 7:40 AM,9/29/16 7:25 AM,B,1.4686,1.47922,-37.4,-1.41,-38.81,7510123597
25210550,EUR/JPY,5000,10/5/16 7:24 AM,10/7/16 9:18 AM,B,115.477,115.517,-1.55,-0.54,-2.09,7510123597
25223991,NGAS,6,10/6/16 4:06 AM,10/7/16 9:24 AM,B,3.026,3.0295,-1.69,0.0,-1.69,7510123597
25264775,XAU/USD,1,10/10/16 7:20 AM,11/2/16 5:27 AM,B,1292.52,1263.86,23.41,-0.16,23.25,7510123597
25538995,XAU/USD,1,10/10/16 7:20 AM,11/7/16 5:51 AM,B,1290.79,1263.86,21.65,-0.21,21.44,7510123597
25589274,XAU/USD,1,10/10/16 7:20 AM,11/8/16 12:47 PM,B,1280.49,1263.86,13.42,-0.22,13.2,7510123597
25280049,CHF/JPY,6000,10/11/16 7:34 AM,10/12/16 10:57 AM,B,104.663,105.641,-46.26,-0.1,-46.36,7510123597
25367102,Bund,7,10/18/16 12:15 PM,10/18/16 12:20 PM,S,163.62,163.62,0.0,0.0,0.0,7510123597
25409853,USD/MXN,2000,10/21/16 9:58 AM,11/2/16 5:26 AM,B,19.31773,18.65956,55.65,-3.06,52.59,7510123597
25538994,USD/MXN,2000,10/21/16 9:58 AM,11/6/16 10:00 PM,B,18.62063,18.65956,-3.36,-4.39,-7.75,7510123597
25622098,XAG/USD,300,11/9/16 6:35 AM,11/11/16 3:10 PM,B,17.927,18.774,-201.3,-9.4,-210.7,7510123597
25622114,XAG/USD,300,11/10/16 11:01 PM,11/11/16 9:43 AM,B,18.716,18.678,9.02,0.0,9.02,7510123597
25705789,Copper,9,11/15/16 6:44 AM,11/16/16 6:37 AM,S,2.4463,2.5045,-41.96,0.0,-41.96,7510123597
25705800,AUD/JPY,6000,11/15/16 6:47 AM,11/17/16 6:04 AM,B,81.622,81.61,0.53,0.57,1.1,7510123597
25726081,Copper,9,11/16/16 6:43 AM,11/22/16 6:26 AM,S,2.506,2.5638,-41.64,0.0,-41.64,7510123597
25767728,Copper,9,11/18/16 10:04 AM,11/21/16 5:47 AM,S,2.461,2.5243,-46.15,0.0,-46.15,7510123597
25780280,USD/ZAR,1000,11/21/16 6:30 AM,11/22/16 6:30 AM,B,14.18913,14.45817,-15.18,-0.26,-15.44,7510123597
25798225,ZAR/JPY,14000,11/22/16 6:59 AM,12/2/16 9:37 AM,B,8.033,7.806,22.19,0.79,22.98,7510123597
25798710,AUD/USD,3000,11/22/16 7:03 AM,12/20/16 12:33 PM,S,0.73786,0.72252,37.33,-2.09,35.24,7510123597
25813181,AUD/USD,3000,11/23/16 6:27 AM,11/23/16 2:11 PM,B,0.73733,0.74351,-14.98,0.0,-14.98,7510123597
25813264,ZAR/JPY,14000,11/23/16 6:41 AM,12/6/16 7:32 AM,B,8.3,7.903,38.26,0.99,39.25,7510123597
25813687,Bund,3,11/23/16 7:29 AM,12/6/16 7:31 AM,S,161.4,160.73,16.94,0.0,16.94,7510123597
25830059,NZD/USD,3000,11/24/16 6:39 AM,11/29/16 11:06 PM,S,0.69934,0.7135,-34.01,-0.4,-34.41,7510123597
25864276,ZAR/JPY,14000,11/28/16 6:23 AM,12/8/16 6:49 AM,B,8.386,8.034,34.34,1.18,35.52,7510123597
25864299,AUD/USD,3000,11/28/16 6:27 AM,12/20/16 12:33 PM,S,0.74763,0.72252,61.1,-1.62,59.48,7510123597
25864367,NZD/USD,3000,11/28/16 6:36 AM,12/8/16 6:43 AM,S,0.70859,0.71999,-27.06,-1.14,-28.2,7510123597
25916042,AUD/USD,3000,12/1/16 7:08 AM,12/8/16 6:41 AM,S,0.74076,0.7495,-20.74,-0.55,-21.29,7510123597
25916106,Bund,3,12/1/16 7:14 AM,12/6/16 7:31 AM,S,160.89,160.73,4.05,0.0,4.05,7510123597
25937843,Bund,3,12/2/16 9:48 AM,12/5/16 7:01 AM,S,160.32,161.35,-25.75,0.0,-25.75,7510123597
26004680,USD/JPY,2000,12/8/16 7:22 AM,12/12/16 6:37 AM,S,113.631,115.589,-26.91,-0.1,-27.01,7510123597
26004692,NZD/CHF,3000,12/8/16 7:25 AM,12/19/16 3:24 PM,B,0.711,0.72522,-33.71,0.8,-32.91,7510123597
26025650,NZD/CHF,3000,12/9/16 9:31 AM,12/16/16 3:27 PM,B,0.71624,0.73046,-33.35,0.62,-32.73,7510123597
26039070,EUR/JPY,2000,12/12/16 7:08 AM,12/23/16 3:26 AM,B,122.623,122.153,6.52,-0.38,6.14,7510123597
26055278,EUR/JPY,2000,12/13/16 8:02 AM,12/20/16 8:00 AM,B,122.495,122.675,-2.47,-0.17,-2.64,7510123597
26088525,AUD/USD,3000,12/15/16 6:37 AM,12/20/16 12:33 PM,S,0.742,0.72252,47.4,-0.18,47.22,7510123597
26088641,EUR/JPY,2000,12/15/16 6:52 AM,12/29/16 1:49 PM,B,122.111,123.44,-18.6,-0.18,-18.78,7510123597
